cement,blast_furnace_slag,fly_ash,water,superplasticizer,coarse_aggregate,fine_aggregate,age_log,concrete_compressive_strength
379.5,151.2,0.0,153.9,15.9,1134.3,605.0,4.5217885770490405,56.5
238.0,0.0,0.0,186.0,0.0,1119.0,789.0,2.0794415416798357,12.05
362.6,189.0,0.0,164.9,11.6,944.7,755.8,1.3862943611198906,35.3
213.7,98.1,24.5,181.7,6.9,1065.8,785.4,4.61512051684126,53.9
250.0,0.0,95.7,191.8,5.3,948.9,857.2,4.04305126783455,39.64
450.1,50.0,0.0,200.0,3.0,1124.4,613.2,3.367295829986474,39.38
446.0,24.0,79.0,162.0,11.6,967.0,712.0,3.367295829986474,57.03
540.0,0.0,0.0,173.0,0.0,1125.0,613.0,2.0794415416798357,52.61
342.0,38.0,0.0,228.0,0.0,932.0,670.0,5.198497031265826,52.12
359.0,19.0,141.0,154.0,10.9,942.0,801.0,1.3862943611198906,23.64
157.0,236.0,0.0,192.0,0.0,935.4,781.2,3.367295829986474,33.66
266.0,112.0,87.0,178.0,10.0,910.0,745.0,3.367295829986474,39.42
385.0,0.0,0.0,186.0,0.0,966.0,763.0,0.6931471805599453,6.27
376.0,0.0,0.0,214.6,0.0,1003.5,762.4,2.70805020110221,25.62
158.0,0.0,195.0,220.0,11.0,898.0,713.0,3.367295829986474,8.54
238.0,0.0,0.0,186.0,0.0,1119.0,789.0,3.367295829986474,17.54
300.0,0.0,120.0,212.0,10.0,878.0,728.0,3.367295829986474,23.84
273.0,105.0,82.0,210.0,9.0,904.0,680.0,3.367295829986474,37.17
266.0,114.0,0.0,228.0,0.0,932.0,670.0,5.902633333401366,52.91
284.0,15.0,141.0,179.0,5.5,842.0,801.0,4.04305126783455,44.52
491.0,26.0,123.0,210.0,3.9,882.0,699.0,4.04305126783455,59.59
295.8,0.0,0.0,185.7,0.0,1091.4,769.3,2.0794415416798357,14.84
153.0,102.0,0.0,192.0,0.0,888.0,943.1,3.367295829986474,17.96
181.4,0.0,167.0,169.6,7.6,1055.6,777.8,1.3862943611198906,13.62
350.0,0.0,0.0,203.0,0.0,974.0,775.0,3.367295829986474,27.34
252.3,0.0,98.8,146.3,14.2,987.8,889.0,2.70805020110221,42.29
260.0,101.0,78.0,171.0,10.0,936.0,763.0,3.367295829986474,49.77
237.0,92.0,71.0,247.0,6.0,853.0,695.0,3.367295829986474,28.63
249.1,0.0,98.8,158.1,12.8,987.8,889.0,4.61512051684126,51.06
362.6,189.0,0.0,164.9,11.6,944.7,755.8,4.5217885770490405,79.3
246.8,0.0,125.1,143.3,12.0,1086.8,800.9,3.367295829986474,52.5
540.0,0.0,0.0,173.0,0.0,1125.0,613.0,1.3862943611198906,41.64
231.8,0.0,121.6,174.0,6.7,1056.4,778.5,4.61512051684126,45.84
218.2,54.6,123.8,140.8,11.9,1075.7,792.7,2.70805020110221,35.96
295.7,0.0,95.6,171.5,8.9,955.1,859.2,2.70805020110221,35.23
331.0,0.0,0.0,192.0,0.0,1025.0,821.0,4.795790545596741,39.38
147.0,115.0,89.0,202.0,9.0,860.0,829.0,3.367295829986474,19.99
158.4,0.0,194.9,219.7,11.0,897.7,712.9,3.367295829986474,8.54
491.0,26.0,123.0,201.0,3.9,822.0,699.0,2.0794415416798357,37.92
298.0,0.0,107.0,210.0,11.0,880.0,744.0,3.367295829986474,31.87
446.0,24.0,79.0,162.0,11.6,967.0,712.0,1.3862943611198906,35.36
425.0,106.3,0.0,151.4,18.6,936.0,803.7,4.04305126783455,64.9
198.6,132.4,0.0,192.0,0.0,978.4,825.5,3.367295829986474,28.02
272.8,181.9,0.0,185.7,0.0,1012.4,714.3,2.0794415416798357,19.77
228.0,342.1,0.0,185.7,0.0,955.8,674.3,3.367295829986474,39.7
290.2,193.5,0.0,185.7,0.0,998.2,704.3,3.367295829986474,33.04
425.0,106.3,0.0,153.5,16.5,852.1,887.1,2.0794415416798357,49.2
325.0,0.0,0.0,184.0,0.0,1063.0,783.0,2.0794415416798357,17.54
362.6,189.0,0.0,164.9,11.6,944.7,755.8,4.5217885770490405,79.3
281.0,0.0,0.0,186.0,0.0,1104.0,774.0,3.367295829986474,22.44
229.7,0.0,118.2,195.2,6.1,1028.1,757.6,2.70805020110221,22.32
337.9,189.0,0.0,174.9,9.5,944.7,755.8,4.04305126783455,59.89
145.0,0.0,179.0,202.0,8.0,824.0,869.0,3.367295829986474,10.54
202.0,11.0,141.0,206.0,1.7,942.0,801.0,3.367295829986474,21.97
322.5,148.6,0.0,185.8,8.5,951.0,709.5,3.367295829986474,52.43
323.7,282.8,0.0,183.8,10.3,942.7,659.9,2.0794415416798357,49.8
213.8,98.1,24.5,181.7,6.7,1066.0,785.5,4.04305126783455,47.13
304.0,76.0,0.0,228.0,0.0,932.0,670.0,5.602118820879701,54.38
350.0,0.0,0.0,203.0,0.0,974.0,775.0,4.51085950651685,31.35
229.7,0.0,118.2,195.2,6.1,1028.1,757.6,1.3862943611198906,13.36
284.0,15.0,141.0,179.0,5.5,842.0,801.0,2.0794415416798357,24.13
266.0,114.0,0.0,228.0,0.0,932.0,670.0,3.367295829986474,45.85
190.7,0.0,125.4,162.1,7.8,1090.0,804.0,1.3862943611198906,15.04
166.0,260.0,0.0,183.0,13.0,859.0,827.0,3.367295829986474,37.91
266.0,114.0,0.0,228.0,0.0,932.0,670.0,5.602118820879701,51.73
284.0,119.7,0.0,168.3,7.2,970.4,794.2,3.367295829986474,40.93
322.0,149.0,0.0,186.0,8.0,951.0,709.0,3.367295829986474,52.42
333.0,0.0,0.0,192.0,0.0,931.2,842.6,3.367295829986474,31.97
356.0,0.0,142.0,193.0,11.0,801.0,778.0,3.367295829986474,40.87
387.0,20.0,94.0,157.0,11.6,938.0,845.0,1.3862943611198906,34.77
332.5,142.5,0.0,228.0,0.0,932.0,594.0,5.198497031265826,39.78
318.8,212.5,0.0,155.7,14.3,852.1,880.4,2.0794415416798357,33.4
108.3,162.4,0.0,203.5,0.0,938.2,849.0,3.367295829986474,20.59
148.1,0.0,136.6,158.1,16.1,1001.8,830.1,3.367295829986474,17.96
190.0,190.0,0.0,228.0,0.0,932.0,670.0,5.198497031265826,46.93
424.0,22.0,132.0,168.0,8.9,822.0,750.0,1.3862943611198906,32.11
323.7,282.8,0.0,183.8,10.3,942.7,659.9,3.367295829986474,74.7
331.0,0.0,0.0,192.0,0.0,978.0,825.0,5.8888779583328805,41.24
304.0,76.0,0.0,228.0,0.0,932.0,670.0,4.51085950651685,49.19
310.0,0.0,0.0,192.0,0.0,970.0,850.0,5.8888779583328805,38.11
218.9,0.0,124.1,158.5,11.3,1078.7,794.9,1.3862943611198906,15.34
214.9,53.8,121.9,155.6,9.6,1014.3,780.6,2.70805020110221,38.6
170.3,155.5,0.0,185.7,0.0,1026.6,724.3,2.0794415416798357,10.73
172.4,13.6,172.4,156.8,4.1,1006.3,856.4,1.3862943611198906,21.29
500.0,0.0,0.0,200.0,0.0,1125.0,613.0,5.198497031265826,51.04
380.0,95.0,0.0,228.0,0.0,932.0,594.0,5.602118820879701,41.15
168.0,42.1,163.8,121.8,5.7,1058.7,780.1,1.3862943611198906,7.75
139.6,209.4,0.0,192.0,0.0,1047.0,806.9,5.198497031265826,44.21
389.9,189.0,0.0,145.9,22.0,944.7,755.8,4.5217885770490405,82.6
424.0,22.0,132.0,178.0,8.5,822.0,750.0,2.0794415416798357,39.0
516.0,0.0,0.0,162.0,8.3,801.0,802.0,3.367295829986474,41.37
222.4,0.0,96.7,189.3,4.5,967.1,870.3,1.3862943611198906,11.58
192.0,288.0,0.0,192.0,0.0,929.8,716.1,2.0794415416798357,21.48
133.0,200.0,0.0,192.0,0.0,927.4,839.2,3.367295829986474,27.87
190.3,0.0,125.2,166.6,9.9,1079.0,798.9,3.367295829986474,24.85
298.0,137.0,107.0,201.0,6.0,878.0,655.0,3.367295829986474,53.52
132.0,206.5,160.9,178.9,5.5,866.9,735.6,3.367295829986474,33.31
279.8,128.9,100.4,172.4,9.5,825.1,804.9,3.367295829986474,52.83
139.6,209.4,0.0,192.0,0.0,1047.0,806.9,4.51085950651685,39.36
146.0,230.0,0.0,202.0,3.0,827.0,872.0,3.367295829986474,33.06
144.8,0.0,133.6,180.8,11.1,979.5,811.5,3.367295829986474,13.2
259.9,100.6,78.4,170.6,10.4,935.7,762.9,3.367295829986474,49.77
298.1,0.0,107.5,163.6,12.8,953.2,784.0,3.367295829986474,35.87
425.0,106.3,0.0,153.5,16.5,852.1,887.1,2.0794415416798357,49.2
446.0,24.0,79.0,162.0,10.3,967.0,712.0,3.367295829986474,53.39
385.0,0.0,0.0,186.0,0.0,966.0,763.0,1.3862943611198906,14.7
500.0,0.0,0.0,200.0,0.0,1125.0,613.0,2.70805020110221,36.94
382.0,0.0,0.0,186.0,0.0,1047.0,739.0,2.0794415416798357,24.0
116.0,173.0,0.0,192.0,0.0,909.8,891.9,1.3862943611198906,6.28
362.6,189.0,0.0,164.9,11.6,944.7,755.8,1.3862943611198906,35.3
275.1,0.0,121.4,159.5,9.9,1053.6,777.5,3.367295829986474,51.33
159.0,187.0,0.0,176.0,11.0,990.0,789.0,3.367295829986474,32.76
313.0,0.0,113.0,178.0,8.0,1002.0,689.0,3.367295829986474,36.8
231.8,0.0,121.6,174.0,6.7,1056.4,778.5,2.70805020110221,26.77
275.1,0.0,121.4,159.5,9.9,1053.6,777.5,4.61512051684126,58.61
154.8,183.4,0.0,193.3,9.1,1047.4,696.7,3.367295829986474,18.29
349.0,0.0,0.0,192.0,0.0,1056.0,809.0,1.3862943611198906,15.87
178.0,129.8,118.6,179.9,3.6,1007.3,746.8,4.04305126783455,48.59
296.0,0.0,0.0,186.0,0.0,1090.0,769.0,3.367295829986474,25.18
382.0,0.0,0.0,186.0,0.0,1047.0,739.0,3.367295829986474,37.42
166.0,259.7,0.0,183.2,12.7,858.8,826.8,3.367295829986474,37.92
251.4,0.0,118.3,188.5,6.4,1028.4,757.7,1.3862943611198906,13.12
190.0,190.0,0.0,228.0,0.0,932.0,670.0,5.602118820879701,50.66
297.0,0.0,0.0,186.0,0.0,1040.0,734.0,2.0794415416798357,30.96
401.8,94.7,0.0,147.4,11.4,946.8,852.1,2.0794415416798357,54.1
249.1,0.0,98.8,158.1,12.8,987.8,889.0,2.70805020110221,28.68
212.6,0.0,100.4,159.4,10.4,1003.8,903.8,2.70805020110221,25.37
239.6,359.4,0.0,185.7,0.0,941.6,664.3,3.367295829986474,39.44
297.2,0.0,117.5,174.8,9.5,1022.8,753.5,1.3862943611198906,21.91
238.2,158.8,0.0,185.7,0.0,1040.6,734.3,2.0794415416798357,15.69
250.0,0.0,95.7,187.4,5.5,956.9,861.2,4.61512051684126,42.35
231.8,0.0,121.6,174.0,6.7,1056.4,778.5,4.04305126783455,42.7
153.0,145.0,0.0,178.0,8.0,1000.0,822.0,3.367295829986474,19.01
236.0,0.0,0.0,193.0,0.0,968.0,885.0,5.902633333401366,25.08
349.0,0.0,0.0,192.0,0.0,1047.0,806.0,5.8888779583328805,42.13
339.0,0.0,0.0,197.0,0.0,968.0,781.0,1.3862943611198906,13.22
136.0,196.0,98.0,199.0,6.0,847.0,783.0,3.367295829986474,26.97
305.0,0.0,100.0,196.0,10.0,959.0,705.0,3.367295829986474,30.12
164.0,163.0,128.0,197.0,8.0,961.0,641.0,3.367295829986474,27.23
173.5,50.1,173.5,164.8,6.5,1006.2,793.5,2.70805020110221,33.01
310.0,0.0,0.0,192.0,0.0,1012.0,830.0,4.51085950651685,35.76
194.7,0.0,100.5,165.6,7.5,1006.4,905.9,3.367295829986474,25.72
250.0,0.0,95.7,187.4,5.5,956.9,861.2,2.70805020110221,24.92
165.0,128.5,132.1,175.1,8.1,1005.8,746.6,3.367295829986474,46.39
194.7,0.0,100.5,165.6,7.5,1006.4,905.9,4.61512051684126,37.34
313.3,262.2,0.0,175.5,8.6,1046.9,611.8,2.0794415416798357,42.8
251.4,0.0,118.3,188.5,6.4,1028.4,757.7,3.367295829986474,32.66
154.0,144.0,112.0,220.0,10.0,923.0,658.0,3.367295829986474,16.5
385.0,0.0,136.0,158.0,20.0,903.0,768.0,3.367295829986474,55.55
380.0,95.0,0.0,228.0,0.0,932.0,594.0,4.51085950651685,40.56
167.0,75.4,167.0,164.0,7.9,1007.3,770.1,3.367295829986474,41.41
192.0,288.0,0.0,192.0,0.0,929.8,716.1,3.367295829986474,39.32
304.8,0.0,99.6,196.0,9.8,959.4,705.2,3.367295829986474,30.12
143.0,169.4,142.7,190.7,8.4,967.4,643.5,3.367295829986474,29.73
525.0,0.0,0.0,189.0,0.0,1125.0,613.0,2.0794415416798357,42.42
339.0,0.0,0.0,197.0,0.0,968.0,781.0,5.198497031265826,36.45
318.8,212.5,0.0,155.7,14.3,852.1,880.4,1.3862943611198906,25.2
262.0,111.0,86.0,195.0,5.0,895.0,733.0,3.367295829986474,33.72
194.7,0.0,100.5,170.2,7.5,998.0,901.8,4.04305126783455,43.39
305.3,203.5,0.0,203.5,0.0,965.4,631.0,2.0794415416798357,25.89
136.4,161.6,125.8,171.6,10.4,922.6,764.4,3.367295829986474,29.07
380.0,95.0,0.0,228.0,0.0,932.0,594.0,5.902633333401366,43.7
349.0,0.0,0.0,192.0,0.0,1047.0,806.0,3.367295829986474,32.72
288.0,192.0,0.0,192.0,0.0,932.0,717.8,3.367295829986474,38.8
425.0,106.3,0.0,153.5,16.5,852.1,887.1,1.3862943611198906,33.4
237.5,237.5,0.0,228.0,0.0,932.0,594.0,5.902633333401366,39.0
307.0,0.0,0.0,193.0,0.0,968.0,812.0,1.3862943611198906,12.54
362.6,189.0,0.0,164.9,11.6,944.7,755.8,4.5217885770490405,79.3
380.0,95.0,0.0,228.0,0.0,932.0,594.0,2.0794415416798357,32.82
295.7,0.0,95.6,171.5,8.9,955.1,859.2,4.61512051684126,52.04
349.0,0.0,0.0,192.0,0.0,1047.0,806.0,1.3862943611198906,14.99
153.0,239.0,0.0,200.0,6.0,1002.0,684.0,3.367295829986474,26.86
122.6,183.9,0.0,203.5,0.0,958.2,800.1,3.367295829986474,24.29
314.0,145.3,113.2,178.9,8.0,869.1,690.2,3.367295829986474,46.23
230.0,0.0,118.3,195.5,4.6,1029.4,758.6,3.367295829986474,24.48
304.0,76.0,0.0,228.0,0.0,932.0,670.0,5.198497031265826,50.95
190.3,0.0,125.2,161.9,9.9,1088.1,802.6,3.367295829986474,28.47
385.0,0.0,0.0,186.0,0.0,966.0,763.0,2.0794415416798357,23.22
200.0,0.0,0.0,180.0,0.0,1125.0,845.0,2.0794415416798357,7.84
303.6,139.9,0.0,213.5,6.2,895.5,722.5,3.367295829986474,33.42
145.0,116.0,119.0,184.0,5.7,833.0,880.0,3.367295829986474,29.16
289.0,0.0,0.0,192.0,0.0,913.2,895.3,3.367295829986474,25.57
313.3,262.2,0.0,175.5,8.6,1046.9,611.8,4.5217885770490405,66.6
531.3,0.0,0.0,141.8,28.2,852.1,893.7,1.3862943611198906,41.3
332.5,142.5,0.0,228.0,0.0,932.0,594.0,4.51085950651685,37.72
255.0,0.0,0.0,192.0,0.0,889.8,945.0,2.0794415416798357,10.22
525.0,0.0,0.0,189.0,0.0,1125.0,613.0,5.198497031265826,61.92
273.0,0.0,90.0,199.0,11.0,931.0,762.0,3.367295829986474,32.24
212.0,0.0,124.8,159.0,7.8,1085.4,799.5,4.04305126783455,45.08
212.0,0.0,124.8,159.0,7.8,1085.4,799.5,1.3862943611198906,19.52
213.7,0.0,174.7,154.8,10.2,1053.5,776.4,2.70805020110221,33.73
286.3,200.9,0.0,144.7,11.2,1004.6,803.7,2.0794415416798357,38.0
312.9,160.5,0.0,177.6,9.6,916.6,759.5,3.367295829986474,52.45
265.0,111.0,86.0,195.0,6.0,833.0,790.0,3.367295829986474,41.54
229.7,0.0,118.2,195.2,6.1,1028.1,757.6,4.04305126783455,31.35
284.0,15.0,141.0,179.0,5.5,842.0,801.0,3.367295829986474,43.73
331.0,0.0,0.0,192.0,0.0,978.0,825.0,4.51085950651685,37.23
297.2,0.0,117.5,174.8,9.5,1022.8,753.5,3.367295829986474,47.4
388.6,97.1,0.0,157.9,12.1,852.1,925.7,4.5217885770490405,57.6
261.9,110.5,86.1,195.4,5.0,895.2,732.6,3.367295829986474,33.72
325.6,166.4,0.0,174.0,8.9,881.6,790.0,3.367295829986474,61.24
500.0,0.0,0.0,140.0,4.0,966.0,853.0,3.367295829986474,67.57
318.8,212.5,0.0,155.7,14.3,852.1,880.4,3.367295829986474,55.5
190.3,0.0,125.2,166.6,9.9,1079.0,798.9,2.70805020110221,19.42
150.0,236.8,0.0,173.8,11.9,1069.3,674.8,3.367295829986474,37.43
151.6,0.0,111.9,184.4,7.9,992.0,815.9,3.367295829986474,12.18
194.7,0.0,100.5,170.2,7.5,998.0,901.8,1.3862943611198906,12.18
178.0,129.8,118.6,179.9,3.6,1007.3,746.8,4.61512051684126,49.99
212.1,0.0,121.6,180.3,5.7,1057.6,779.3,4.04305126783455,34.2
349.0,0.0,0.0,192.0,0.0,1047.0,806.0,2.0794415416798357,18.13
356.0,119.0,0.0,160.0,9.0,1061.0,657.0,3.367295829986474,59.0
198.6,132.4,0.0,192.0,0.0,978.4,825.5,4.51085950651685,38.07
321.0,0.0,128.0,182.0,11.0,870.0,780.0,3.367295829986474,37.26
491.0,26.0,123.0,210.0,3.9,882.0,699.0,1.3862943611198906,25.61
531.3,0.0,0.0,141.8,28.2,852.1,893.7,4.04305126783455,58.8
166.8,250.2,0.0,203.5,0.0,975.6,692.6,3.367295829986474,33.95
250.0,0.0,0.0,182.0,0.0,1100.0,820.0,3.367295829986474,20.87
237.5,237.5,0.0,228.0,0.0,932.0,594.0,3.367295829986474,30.08
540.0,0.0,0.0,173.0,0.0,1125.0,613.0,2.70805020110221,59.76
251.4,0.0,118.3,188.5,6.4,1028.4,757.7,4.61512051684126,44.21
322.0,0.0,116.0,196.0,10.0,818.0,813.0,3.367295829986474,31.18
349.0,0.0,0.0,192.0,0.0,1047.0,806.0,4.51085950651685,39.49
164.0,0.0,200.0,181.0,13.0,849.0,846.0,3.367295829986474,15.09
425.0,106.3,0.0,153.5,16.5,852.1,887.1,1.3862943611198906,33.4
252.0,0.0,0.0,185.0,0.0,1111.0,784.0,3.367295829986474,19.69
350.0,0.0,0.0,203.0,0.0,974.0,775.0,5.198497031265826,32.72
153.1,145.0,113.0,178.5,8.0,867.2,824.0,3.367295829986474,26.23
331.0,0.0,0.0,192.0,0.0,1025.0,821.0,2.0794415416798357,17.44
218.2,54.6,123.8,140.8,11.9,1075.7,792.7,4.61512051684126,63.53
277.0,0.0,0.0,191.0,0.0,968.0,856.0,5.198497031265826,32.33
480.0,0.0,0.0,192.0,0.0,936.2,712.2,4.51085950651685,54.32
375.0,93.8,0.0,126.6,23.4,852.1,992.6,2.0794415416798357,45.7
375.0,93.8,0.0,126.6,23.4,852.1,992.6,3.367295829986474,56.7
359.0,19.0,141.0,154.0,10.9,942.0,801.0,3.367295829986474,62.94
186.2,124.1,0.0,185.7,0.0,1083.4,764.3,3.367295829986474,17.6
238.1,0.0,94.1,186.7,7.0,949.9,847.0,4.04305126783455,39.59
491.0,26.0,123.0,201.0,3.9,822.0,699.0,4.04305126783455,61.86
401.8,94.7,0.0,147.4,11.4,946.8,852.1,3.367295829986474,68.5
313.3,145.0,0.0,178.5,8.0,1001.9,688.7,3.367295829986474,41.05
222.4,0.0,96.7,189.3,4.5,967.1,870.3,4.61512051684126,40.71
213.5,0.0,174.2,159.2,11.7,1043.6,771.9,4.61512051684126,52.96
277.0,0.0,0.0,191.0,0.0,968.0,856.0,1.3862943611198906,11.36
446.0,24.0,79.0,162.0,11.6,967.0,712.0,2.0794415416798357,39.3
425.0,106.3,0.0,153.5,16.5,852.1,887.1,4.5217885770490405,65.2
200.0,200.0,0.0,190.0,0.0,1145.0,660.0,3.367295829986474,49.25
359.0,19.0,141.0,154.0,10.9,942.0,801.0,4.04305126783455,66.78
475.0,118.8,0.0,181.1,8.9,852.1,781.5,4.5217885770490405,74.19
198.6,132.4,0.0,192.0,0.0,978.4,825.5,5.8888779583328805,44.3
102.0,153.0,0.0,192.0,0.0,887.0,942.0,3.367295829986474,17.28
475.0,118.8,0.0,181.1,8.9,852.1,781.5,1.3862943611198906,37.8
339.2,0.0,0.0,185.7,0.0,1069.2,754.3,2.0794415416798357,21.18
362.6,189.0,0.0,164.9,11.6,944.7,755.8,2.0794415416798357,55.9
212.5,0.0,100.4,159.3,8.7,1007.8,903.6,3.367295829986474,31.64
152.0,0.0,112.0,184.0,8.0,992.0,816.0,3.367295829986474,12.18
173.8,93.4,159.9,172.3,9.7,1007.2,746.6,4.61512051684126,50.94
251.8,0.0,99.9,146.1,12.4,1006.0,899.8,2.70805020110221,33.36
252.3,0.0,98.8,146.3,14.2,987.8,889.0,4.61512051684126,60.95
330.5,169.6,0.0,194.9,8.1,811.0,802.3,3.367295829986474,56.62
222.4,0.0,96.7,189.3,4.5,967.1,870.3,2.70805020110221,24.45
385.0,0.0,0.0,186.0,0.0,966.0,763.0,3.367295829986474,31.35
212.1,0.0,121.6,180.3,5.7,1057.6,779.3,1.3862943611198906,12.47
198.6,132.4,0.0,192.0,0.0,978.4,825.5,1.3862943611198906,9.13
252.5,0.0,0.0,185.7,0.0,1111.6,784.3,2.0794415416798357,11.48
252.3,0.0,98.8,146.3,14.2,987.8,889.0,3.367295829986474,50.6
145.7,172.6,0.0,181.9,3.4,985.8,816.8,3.367295829986474,23.74
218.2,54.6,123.8,140.8,11.9,1075.7,792.7,1.3862943611198906,27.42
153.1,145.0,113.0,178.5,8.0,1001.9,688.7,3.367295829986474,25.56
313.3,262.2,0.0,175.5,8.6,1046.9,611.8,3.367295829986474,59.8
475.0,0.0,59.0,142.0,1.9,1098.0,641.0,3.367295829986474,57.23
149.0,236.0,0.0,176.0,13.0,847.0,893.0,3.367295829986474,32.96
439.0,177.0,0.0,186.0,11.1,884.9,707.9,4.5217885770490405,73.3
231.8,0.0,121.6,174.0,6.7,1056.4,778.5,3.367295829986474,33.73
500.0,0.0,0.0,200.0,0.0,1125.0,613.0,5.602118820879701,55.16
251.4,0.0,118.3,188.5,5.8,1028.4,757.7,2.70805020110221,29.93
255.0,0.0,0.0,192.0,0.0,889.8,945.0,4.51085950651685,21.86
165.0,0.0,143.6,163.8,0.0,1005.6,900.9,4.61512051684126,37.96
133.1,210.2,0.0,195.7,3.1,949.4,795.3,3.367295829986474,28.94
400.0,0.0,0.0,187.0,0.0,1025.0,745.0,3.367295829986474,43.7
387.0,20.0,94.0,157.0,14.3,938.0,845.0,2.0794415416798357,36.84
318.0,0.0,126.0,210.0,6.0,861.0,737.0,3.367295829986474,40.06
520.0,0.0,0.0,170.0,5.2,855.0,855.0,3.367295829986474,60.28
214.9,53.8,121.9,155.6,9.6,1014.3,780.6,1.3862943611198906,18.02
203.5,305.3,0.0,203.5,0.0,963.4,630.0,1.3862943611198906,9.56
153.0,102.0,0.0,192.0,0.0,888.0,943.1,2.0794415416798357,8.37
149.5,236.0,0.0,175.8,12.6,846.8,892.7,3.367295829986474,32.96
531.3,0.0,0.0,141.8,28.2,852.1,893.7,2.0794415416798357,46.9
165.0,0.0,143.6,163.8,0.0,1005.6,900.9,1.3862943611198906,14.4
540.0,0.0,0.0,173.0,0.0,1125.0,613.0,3.367295829986474,67.31
213.5,0.0,174.2,154.6,11.7,1052.3,775.5,2.70805020110221,33.7
362.6,189.0,0.0,164.9,11.6,944.7,755.8,3.367295829986474,71.3
280.0,129.0,100.0,172.0,9.0,825.0,805.0,3.367295829986474,52.82
349.0,0.0,0.0,192.0,0.0,1056.0,809.0,4.795790545596741,40.86
149.0,139.0,109.0,193.0,6.0,892.0,780.0,3.367295829986474,23.69
212.0,0.0,124.8,159.0,7.8,1085.4,799.5,3.367295829986474,38.5
425.0,106.3,0.0,151.4,18.6,936.0,803.7,1.3862943611198906,36.3
194.7,0.0,100.5,165.6,7.5,1006.4,905.9,2.70805020110221,24.99
254.0,0.0,0.0,198.0,0.0,968.0,863.0,5.198497031265826,27.63
184.0,86.0,190.0,213.0,6.0,923.0,623.0,3.367295829986474,22.93
173.0,116.0,0.0,192.0,0.0,946.8,856.8,2.0794415416798357,11.39
339.0,0.0,0.0,197.0,0.0,968.0,781.0,2.0794415416798357,20.97
182.0,45.2,122.0,170.2,8.2,1059.4,780.7,3.367295829986474,31.27
200.0,133.0,0.0,192.0,0.0,965.4,806.2,3.367295829986474,30.44
254.0,0.0,0.0,198.0,0.0,968.0,863.0,4.51085950651685,26.94
331.0,0.0,0.0,192.0,0.0,879.0,825.0,1.3862943611198906,13.52
275.0,0.0,0.0,183.0,0.0,1088.0,808.0,2.0794415416798357,14.2
236.0,0.0,0.0,194.0,0.0,968.0,885.0,1.3862943611198906,6.47
141.3,212.0,0.0,203.5,0.0,971.8,748.5,4.51085950651685,39.66
336.5,0.0,0.0,181.9,3.4,985.8,816.8,3.367295829986474,44.87
166.8,250.2,0.0,203.5,0.0,975.6,692.6,4.51085950651685,43.57
525.0,0.0,0.0,189.0,0.0,1125.0,613.0,2.70805020110221,48.4
251.4,0.0,118.3,188.5,6.4,1028.4,757.7,2.70805020110221,24.43
237.5,237.5,0.0,228.0,0.0,932.0,594.0,4.51085950651685,33.12
213.8,98.1,24.5,181.7,6.7,1066.0,785.5,2.70805020110221,17.84
326.0,166.0,0.0,174.0,9.0,882.0,790.0,3.367295829986474,61.23
427.5,47.5,0.0,228.0,0.0,932.0,594.0,3.367295829986474,37.43
480.0,0.0,0.0,192.0,0.0,936.2,712.2,2.0794415416798357,34.57
252.3,0.0,98.8,146.3,14.2,987.8,889.0,4.04305126783455,55.83
182.0,45.2,122.0,170.2,8.2,1059.4,780.7,4.04305126783455,43.5
425.0,106.3,0.0,153.5,16.5,852.1,887.1,4.5217885770490405,65.2
159.0,209.0,161.0,201.0,7.0,848.0,669.0,3.367295829986474,30.88
425.0,106.3,0.0,153.5,16.5,852.1,887.1,4.04305126783455,64.3
233.8,0.0,94.6,197.9,4.6,947.0,852.2,4.04305126783455,27.66
425.0,106.3,0.0,153.5,16.5,852.1,887.1,4.04305126783455,64.3
376.0,0.0,0.0,214.6,0.0,1003.5,762.4,3.367295829986474,31.97
339.0,0.0,0.0,197.0,0.0,968.0,781.0,3.367295829986474,32.04
439.0,177.0,0.0,186.0,11.1,884.9,707.9,3.367295829986474,66.0
155.6,243.5,0.0,180.3,10.7,1022.0,697.7,3.367295829986474,37.36
310.0,0.0,0.0,192.0,0.0,970.0,850.0,2.0794415416798357,14.99
475.0,0.0,0.0,228.0,0.0,932.0,594.0,2.0794415416798357,38.6
393.0,0.0,0.0,192.0,0.0,940.0,758.0,4.51085950651685,48.79
152.0,178.0,139.0,168.0,18.0,944.0,695.0,3.367295829986474,36.35
255.5,170.3,0.0,185.7,0.0,1026.6,724.3,2.0794415416798357,17.24
331.0,0.0,0.0,192.0,0.0,978.0,825.0,3.367295829986474,31.45
374.0,189.2,0.0,170.1,10.1,926.1,756.7,2.0794415416798357,46.2
168.0,42.1,163.8,121.8,5.7,1058.7,780.1,4.04305126783455,32.85
289.0,0.0,0.0,192.0,0.0,913.2,895.3,4.51085950651685,32.07
202.0,11.0,141.0,206.0,1.7,942.0,801.0,4.04305126783455,23.25
295.8,0.0,0.0,185.7,0.0,1091.4,769.3,3.367295829986474,25.22
393.0,0.0,0.0,192.0,0.0,940.6,785.6,3.367295829986474,39.6
168.9,42.2,124.3,158.3,10.8,1080.8,796.2,2.70805020110221,23.51
140.0,133.0,103.0,200.0,7.0,916.0,753.0,3.367295829986474,36.44
380.0,0.0,0.0,228.0,0.0,932.0,670.0,5.902633333401366,52.52
203.5,305.3,0.0,203.5,0.0,963.4,630.0,2.0794415416798357,19.54
238.2,158.8,0.0,185.7,0.0,1040.6,734.3,3.367295829986474,26.91
321.4,0.0,127.9,182.5,11.5,870.1,779.7,3.367295829986474,37.27
162.0,190.1,148.1,178.8,18.8,838.1,741.4,3.367295829986474,33.76
238.1,0.0,94.1,186.7,7.0,949.9,847.0,3.367295829986474,30.23
424.0,22.0,132.0,168.0,8.9,822.0,750.0,3.367295829986474,72.1
322.0,0.0,0.0,203.0,0.0,974.0,800.0,2.70805020110221,20.77
168.0,42.1,163.8,121.8,5.7,1058.7,780.1,2.70805020110221,17.82
313.0,145.0,0.0,178.0,8.0,867.0,824.0,3.367295829986474,44.39
388.6,97.1,0.0,157.9,12.1,852.1,925.7,3.367295829986474,50.7
108.3,162.4,0.0,203.5,0.0,938.2,849.0,4.51085950651685,29.23
288.4,121.0,0.0,177.4,7.0,907.9,829.5,3.367295829986474,42.14
296.0,0.0,0.0,192.0,0.0,1085.0,765.0,4.51085950651685,29.39
145.0,0.0,134.0,181.0,11.0,979.0,812.0,3.367295829986474,13.2
139.6,209.4,0.0,192.0,0.0,1047.0,806.9,5.8888779583328805,44.7
210.7,316.1,0.0,185.7,0.0,977.0,689.3,3.367295829986474,37.81
288.0,192.0,0.0,192.0,0.0,932.0,717.8,4.51085950651685,50.53
289.0,0.0,0.0,192.0,0.0,913.2,895.3,1.3862943611198906,11.65
491.0,26.0,123.0,210.0,3.9,882.0,699.0,2.0794415416798357,33.49
143.7,170.2,132.6,191.6,8.5,814.1,805.3,3.367295829986474,29.87
302.0,0.0,0.0,203.0,0.0,974.0,817.0,2.70805020110221,18.13
313.3,0.0,113.0,178.5,8.0,1001.9,688.7,3.367295829986474,36.8
380.0,95.0,0.0,228.0,0.0,932.0,594.0,5.198497031265826,40.76
446.0,24.0,79.0,162.0,11.6,967.0,712.0,1.3862943611198906,23.35
313.3,262.2,0.0,175.5,8.6,1046.9,611.8,1.3862943611198906,28.8
362.6,189.0,0.0,164.9,11.6,944.7,755.8,4.5217885770490405,79.3
213.7,98.1,24.5,181.7,6.9,1065.8,785.4,1.3862943611198906,18.0
203.5,305.3,0.0,203.5,0.0,963.4,630.0,3.367295829986474,41.68
230.0,0.0,118.3,195.5,4.6,1029.4,758.6,4.04305126783455,31.54
331.0,0.0,0.0,192.0,0.0,1025.0,821.0,1.3862943611198906,14.31
310.0,142.8,0.0,167.9,10.0,914.3,804.0,3.367295829986474,45.3
389.9,189.0,0.0,145.9,22.0,944.7,755.8,3.367295829986474,74.5
300.0,0.0,0.0,184.0,0.0,1075.0,795.0,2.0794415416798357,15.58
388.6,97.1,0.0,157.9,12.1,852.1,925.7,2.0794415416798357,34.9
302.0,0.0,0.0,203.0,0.0,974.0,817.0,5.198497031265826,26.74
375.0,93.8,0.0,126.6,23.4,852.1,992.6,4.5217885770490405,62.5
446.0,24.0,79.0,162.0,11.6,967.0,712.0,1.3862943611198906,25.02
380.0,0.0,0.0,228.0,0.0,932.0,670.0,4.51085950651685,52.91
151.0,0.0,185.0,167.0,16.0,1074.0,678.0,3.367295829986474,13.46
236.0,0.0,0.0,193.0,0.0,968.0,885.0,2.0794415416798357,9.99
192.0,288.0,0.0,192.0,0.0,929.8,716.1,1.3862943611198906,12.79
375.0,0.0,0.0,186.0,0.0,1038.0,758.0,3.367295829986474,38.21
388.6,97.1,0.0,157.9,12.1,852.1,925.7,4.04305126783455,55.2
218.9,0.0,124.1,158.5,11.3,1078.7,794.9,3.367295829986474,30.22
155.0,0.0,143.0,193.0,9.0,877.0,868.0,3.367295829986474,9.74
446.0,24.0,79.0,162.0,11.6,967.0,712.0,2.0794415416798357,52.01
469.0,117.2,0.0,137.8,32.2,852.1,840.5,3.367295829986474,66.9
166.1,0.0,163.3,176.5,4.5,1058.6,780.1,4.61512051684126,33.54
186.2,124.1,0.0,185.7,0.0,1083.4,764.3,2.0794415416798357,8.0
213.7,98.1,24.5,181.7,6.9,1065.8,785.4,3.367295829986474,45.71
173.0,116.0,0.0,192.0,0.0,946.8,856.8,4.51085950651685,32.1
491.0,26.0,123.0,201.0,3.9,822.0,699.0,1.3862943611198906,29.55
165.0,0.0,143.6,163.8,0.0,1005.6,900.9,4.04305126783455,36.56
389.9,189.0,0.0,145.9,22.0,944.7,755.8,2.0794415416798357,59.09
355.0,19.0,97.0,145.0,12.3,967.0,871.0,3.367295829986474,55.45
333.0,0.0,0.0,192.0,0.0,931.2,842.6,1.3862943611198906,15.62
331.0,0.0,0.0,192.0,0.0,1025.0,821.0,4.51085950651685,37.91
182.0,45.2,122.0,170.2,8.2,1059.4,780.7,1.3862943611198906,7.32
236.9,91.7,71.5,246.9,6.0,852.9,695.4,3.367295829986474,28.63
255.0,99.0,77.0,189.0,6.0,919.0,749.0,3.367295829986474,33.8
297.2,0.0,117.5,174.8,9.5,1022.8,753.5,2.70805020110221,36.99
158.8,238.2,0.0,185.7,0.0,1040.6,734.3,3.367295829986474,21.07
182.0,45.2,122.0,170.2,8.2,1059.4,780.7,2.70805020110221,21.5
236.0,0.0,0.0,194.0,0.0,968.0,885.0,4.51085950651685,21.95
212.1,0.0,121.6,180.3,5.7,1057.6,779.3,2.70805020110221,20.92
237.5,237.5,0.0,228.0,0.0,932.0,594.0,2.0794415416798357,26.26
424.0,22.0,132.0,178.0,8.5,822.0,750.0,4.04305126783455,65.7
287.3,120.5,93.9,187.6,9.2,904.4,695.9,3.367295829986474,43.8
321.3,164.2,0.0,190.5,4.6,870.0,774.0,3.367295829986474,57.22
178.0,129.8,118.6,179.9,3.6,1007.3,746.8,3.367295829986474,39.16
277.1,0.0,97.4,160.6,11.8,973.9,875.6,1.3862943611198906,23.14
424.0,22.0,132.0,168.0,8.9,822.0,750.0,4.04305126783455,74.36
251.8,0.0,99.9,146.1,12.4,1006.0,899.8,4.04305126783455,44.14
249.1,0.0,98.8,158.1,12.8,987.8,889.0,1.3862943611198906,15.36
155.0,0.0,143.0,193.0,9.0,1047.0,697.0,3.367295829986474,12.46
246.8,0.0,125.1,143.3,12.0,1086.8,800.9,1.3862943611198906,23.52
332.5,142.5,0.0,228.0,0.0,932.0,594.0,5.902633333401366,41.05
167.0,75.4,167.0,164.0,7.9,1007.3,770.1,4.04305126783455,53.46
318.8,212.5,0.0,155.7,14.3,852.1,880.4,4.5217885770490405,68.1
236.0,157.0,0.0,192.0,0.0,972.6,749.1,3.367295829986474,32.88
475.0,0.0,0.0,228.0,0.0,932.0,594.0,5.902633333401366,41.93
290.4,0.0,96.2,168.1,9.4,961.2,865.0,4.04305126783455,45.08
480.0,0.0,0.0,192.0,0.0,936.0,721.0,4.51085950651685,54.28
212.6,0.0,100.4,159.4,10.4,1003.8,903.8,1.3862943611198906,13.33
183.9,122.6,0.0,203.5,0.0,959.2,800.0,1.3862943611198906,4.9
374.0,189.2,0.0,170.1,10.1,926.1,756.7,1.3862943611198906,34.4
325.0,0.0,0.0,184.0,0.0,1063.0,783.0,3.367295829986474,30.57
231.8,0.0,121.6,174.0,6.7,1056.4,778.5,1.3862943611198906,15.44
190.7,0.0,125.4,162.1,7.8,1090.0,804.0,3.367295829986474,26.4
213.8,98.1,24.5,181.7,6.7,1066.0,785.5,1.3862943611198906,13.18
446.0,24.0,79.0,162.0,10.3,967.0,712.0,4.04305126783455,54.77
491.0,26.0,123.0,201.0,3.9,822.0,699.0,3.367295829986474,57.92
331.0,0.0,0.0,192.0,0.0,978.0,825.0,2.0794415416798357,16.26
153.0,102.0,0.0,192.0,0.0,888.0,943.1,1.3862943611198906,4.78
173.0,116.0,0.0,192.0,0.0,946.8,856.8,1.3862943611198906,6.94
181.4,0.0,167.0,169.6,7.6,1055.6,777.8,4.04305126783455,35.57
350.0,0.0,0.0,186.0,0.0,1050.0,770.0,3.367295829986474,34.29
251.4,0.0,118.3,192.9,5.8,1043.6,754.3,4.04305126783455,39.27
225.0,0.0,0.0,181.0,0.0,1113.0,833.0,2.0794415416798357,11.17
213.5,0.0,174.2,159.2,11.7,1043.6,771.9,3.367295829986474,44.64
310.0,0.0,0.0,192.0,0.0,970.0,850.0,4.51085950651685,34.68
154.0,174.0,185.0,228.0,7.0,845.0,612.0,3.367295829986474,24.34
362.6,189.0,0.0,164.9,11.6,944.7,755.8,4.04305126783455,77.3
286.3,200.9,0.0,144.7,11.2,1004.6,803.7,4.04305126783455,72.99
333.0,0.0,0.0,192.0,0.0,931.2,842.6,2.0794415416798357,23.4
500.0,0.0,0.0,200.0,0.0,1125.0,613.0,4.51085950651685,47.22
387.0,20.0,94.0,157.0,13.9,938.0,845.0,4.04305126783455,47.97
213.8,98.1,24.5,181.7,6.7,1066.0,785.5,3.367295829986474,40.23
475.0,0.0,0.0,228.0,0.0,932.0,594.0,5.602118820879701,42.13
160.0,250.0,0.0,168.0,12.0,1049.0,688.0,3.367295829986474,39.45
451.0,0.0,0.0,165.0,11.3,1030.0,745.0,3.367295829986474,78.8
146.5,114.6,89.3,201.9,8.8,860.0,829.5,3.367295829986474,19.99
296.0,0.0,0.0,186.0,0.0,1090.0,769.0,2.0794415416798357,18.91
336.0,0.0,0.0,182.0,3.0,986.0,817.0,3.367295829986474,44.86
170.3,155.5,0.0,185.7,0.0,1026.6,724.3,3.367295829986474,25.73
212.6,0.0,100.4,159.4,10.4,1003.8,903.8,3.367295829986474,37.4
222.4,0.0,96.7,189.3,4.5,967.1,870.3,4.04305126783455,29.45
254.0,0.0,0.0,198.0,0.0,968.0,863.0,5.902633333401366,29.79
326.0,0.0,138.0,199.0,11.0,801.0,792.0,3.367295829986474,40.68
424.0,22.0,132.0,178.0,8.5,882.0,750.0,1.3862943611198906,32.01
334.0,17.6,158.0,189.0,15.3,967.0,633.0,3.367295829986474,44.33
290.4,0.0,96.2,168.1,9.4,961.2,865.0,3.367295829986474,34.74
153.0,145.0,113.0,178.0,8.0,1002.0,689.0,3.367295829986474,25.56
116.0,173.0,0.0,192.0,0.0,909.8,891.9,4.51085950651685,31.02
156.0,243.0,0.0,180.0,11.0,1022.0,698.0,3.367295829986474,37.36
213.7,98.1,24.5,181.7,6.9,1065.8,785.4,2.70805020110221,30.39
277.0,0.0,0.0,191.0,0.0,968.0,856.0,3.367295829986474,25.97
275.1,0.0,121.4,159.5,9.9,1053.6,777.5,1.3862943611198906,23.8
250.0,0.0,95.7,187.4,5.5,956.9,861.2,3.367295829986474,29.22
359.0,19.0,141.0,154.0,10.9,942.0,801.0,2.0794415416798357,38.61
277.1,0.0,97.4,160.6,11.8,973.9,875.6,2.70805020110221,41.89
359.0,19.0,141.0,154.0,10.9,942.0,801.0,2.0794415416798357,35.75
277.0,0.0,0.0,191.0,0.0,968.0,856.0,4.51085950651685,31.25
313.0,145.0,0.0,178.0,8.0,1002.0,689.0,3.367295829986474,41.05
381.4,0.0,0.0,185.7,0.0,1104.6,784.3,2.0794415416798357,14.54
342.0,38.0,0.0,228.0,0.0,932.0,670.0,4.51085950651685,50.46
401.8,94.7,0.0,147.4,11.4,946.8,852.1,4.04305126783455,73.7
277.1,0.0,97.4,160.6,11.8,973.9,875.6,3.367295829986474,48.28
154.8,0.0,142.8,193.3,9.1,877.2,867.7,3.367295829986474,9.74
359.0,19.0,141.0,154.0,10.9,942.0,801.0,4.04305126783455,68.75
290.4,0.0,96.2,168.1,9.4,961.2,865.0,2.70805020110221,34.67
281.0,0.0,0.0,186.0,0.0,1104.0,774.0,2.0794415416798357,14.5
228.0,342.1,0.0,185.7,0.0,955.8,674.3,2.0794415416798357,21.92
333.0,17.5,163.0,167.0,17.9,996.0,652.0,3.367295829986474,47.28
277.0,117.0,91.0,191.0,7.0,946.0,666.0,3.367295829986474,43.57
165.0,128.5,132.1,175.1,8.1,1005.8,746.6,4.61512051684126,55.02
425.0,106.3,0.0,153.5,16.5,852.1,887.1,3.367295829986474,60.29
285.0,190.0,0.0,163.0,7.6,1031.0,685.0,3.367295829986474,53.58
425.0,106.3,0.0,153.5,16.5,852.1,887.1,4.5217885770490405,65.2
108.3,162.4,0.0,203.5,0.0,938.2,849.0,1.3862943611198906,2.33
212.5,0.0,100.4,159.3,8.7,1007.8,903.6,1.3862943611198906,13.54
382.0,0.0,0.0,185.0,0.0,1047.0,739.0,2.0794415416798357,24.0
159.8,250.0,0.0,168.4,12.2,1049.3,688.2,3.367295829986474,39.46
160.0,128.0,122.0,182.0,6.4,824.0,879.0,3.367295829986474,39.4
379.5,151.2,0.0,153.9,15.9,1134.3,605.0,3.367295829986474,52.2
405.0,0.0,0.0,175.0,0.0,1120.0,695.0,3.367295829986474,52.3
172.4,13.6,172.4,156.8,4.1,1006.3,856.4,2.70805020110221,29.75
198.6,132.4,0.0,192.0,0.0,978.4,825.5,2.0794415416798357,14.64
362.6,189.0,0.0,164.9,11.6,944.7,755.8,2.0794415416798357,55.9
288.0,121.0,0.0,177.0,7.0,908.0,829.0,3.367295829986474,42.13
159.0,149.0,116.0,175.0,15.0,953.0,720.0,3.367295829986474,27.68
139.6,209.4,0.0,192.0,0.0,1047.0,806.9,1.3862943611198906,8.06
141.3,212.0,0.0,203.5,0.0,971.8,748.5,1.3862943611198906,4.83
362.6,189.0,0.0,164.9,11.6,944.7,755.8,2.0794415416798357,22.9
281.0,0.0,0.0,185.0,0.0,1104.0,774.0,3.367295829986474,22.44
379.5,151.2,0.0,153.9,15.9,1134.3,605.0,2.0794415416798357,47.1
250.2,166.8,0.0,203.5,0.0,977.6,694.1,1.3862943611198906,9.73
213.7,0.0,174.7,154.8,10.2,1053.5,776.4,3.367295829986474,40.15
168.0,42.1,163.8,121.8,5.7,1058.7,780.1,3.367295829986474,24.24
144.0,136.0,106.0,178.0,7.0,941.0,774.0,3.367295829986474,26.14
145.9,230.5,0.0,202.5,3.4,827.0,871.8,3.367295829986474,32.72
213.7,0.0,174.7,154.8,10.2,1053.5,776.4,4.61512051684126,50.08
362.6,189.0,0.0,164.9,11.6,944.7,755.8,1.3862943611198906,35.3
475.0,0.0,0.0,228.0,0.0,932.0,594.0,4.51085950651685,42.23
173.8,93.4,159.9,172.3,9.7,1007.2,746.6,2.70805020110221,29.55
166.1,0.0,163.3,176.5,4.5,1058.6,780.1,3.367295829986474,21.54
173.8,93.4,159.9,172.3,9.7,1007.2,746.6,3.367295829986474,37.81
362.6,189.0,0.0,164.9,11.6,944.7,755.8,4.04305126783455,77.3
349.0,0.0,0.0,192.0,0.0,1056.0,809.0,3.367295829986474,33.61
146.0,173.0,0.0,182.0,3.0,986.0,817.0,3.367295829986474,23.74
165.0,0.0,143.6,163.8,0.0,1005.6,900.9,3.367295829986474,26.2
212.0,141.3,0.0,203.5,0.0,973.4,750.0,1.3862943611198906,6.81
314.0,0.0,113.0,170.0,10.0,925.0,783.0,3.367295829986474,38.46
540.0,0.0,0.0,162.0,2.5,1040.0,676.0,3.367295829986474,79.99
540.0,0.0,0.0,173.0,0.0,1125.0,613.0,5.198497031265826,71.62
387.0,20.0,94.0,157.0,13.9,938.0,845.0,2.0794415416798357,45.9
166.8,250.2,0.0,203.5,0.0,975.6,692.6,2.0794415416798357,15.75
255.3,98.8,77.0,188.6,6.5,919.0,749.3,3.367295829986474,33.8
182.0,45.2,122.0,170.2,8.2,1059.4,780.7,4.61512051684126,48.67
339.0,0.0,0.0,185.0,0.0,1060.0,754.0,3.367295829986474,31.65
102.0,153.0,0.0,192.0,0.0,887.0,942.0,4.51085950651685,25.46
337.9,189.0,0.0,174.9,9.5,944.7,755.8,3.367295829986474,49.9
332.5,142.5,0.0,228.0,0.0,932.0,594.0,2.0794415416798357,30.28
148.0,0.0,137.0,158.0,16.0,1002.0,830.0,3.367295829986474,17.95
333.0,0.0,0.0,192.0,0.0,931.2,842.6,4.51085950651685,41.68
155.0,183.0,0.0,193.0,9.0,1047.0,697.0,3.367295829986474,18.28
439.0,177.0,0.0,186.0,11.1,884.9,707.9,4.04305126783455,71.7
194.7,0.0,100.5,170.2,7.5,998.0,901.8,4.61512051684126,44.28
141.3,212.0,0.0,203.5,0.0,971.8,748.5,3.367295829986474,29.89
376.0,0.0,0.0,214.6,0.0,1003.5,762.4,1.3862943611198906,16.28
251.4,0.0,118.3,192.9,5.8,1043.6,754.3,2.70805020110221,20.73
296.0,0.0,106.7,221.4,10.5,819.2,778.4,3.367295829986474,31.42
172.4,13.6,172.4,156.8,4.1,1006.3,856.4,4.04305126783455,35.85
366.0,187.0,0.0,191.3,6.6,824.3,756.9,3.367295829986474,65.91
298.0,0.0,107.0,186.0,6.0,879.0,815.0,3.367295829986474,42.64
168.9,42.2,124.3,158.3,10.8,1080.8,796.2,4.61512051684126,48.15
290.4,0.0,96.2,168.1,9.4,961.2,865.0,4.61512051684126,48.97
122.6,183.9,0.0,203.5,0.0,958.2,800.1,2.0794415416798357,10.35
168.9,42.2,124.3,158.3,10.8,1080.8,796.2,1.3862943611198906,7.4
425.0,106.3,0.0,151.4,18.6,936.0,803.7,2.0794415416798357,46.8
475.0,118.8,0.0,181.1,8.9,852.1,781.5,2.0794415416798357,55.6
469.0,117.2,0.0,137.8,32.2,852.1,840.5,2.0794415416798357,54.9
540.0,0.0,0.0,173.0,0.0,1125.0,613.0,5.602118820879701,74.17
190.3,0.0,125.2,161.9,9.9,1088.1,802.6,4.61512051684126,40.39
318.8,212.5,0.0,155.7,14.3,852.1,880.4,4.04305126783455,66.1
288.0,192.0,0.0,192.0,0.0,932.0,717.8,1.3862943611198906,16.11
162.0,190.0,148.0,179.0,19.0,838.0,741.0,3.367295829986474,33.76
446.0,24.0,79.0,162.0,11.6,967.0,712.0,4.04305126783455,56.14
469.0,117.2,0.0,137.8,32.2,852.1,840.5,1.3862943611198906,40.2
213.5,0.0,174.2,159.2,11.7,1043.6,771.9,4.04305126783455,51.26
173.8,93.4,159.9,172.3,9.7,1007.2,746.6,4.04305126783455,48.99
156.0,178.0,187.0,221.0,7.0,854.0,614.0,3.367295829986474,29.41
326.5,0.0,137.9,199.0,10.8,801.1,792.5,3.367295829986474,38.63
116.0,173.0,0.0,192.0,0.0,909.8,891.9,2.0794415416798357,10.09
540.0,0.0,0.0,173.0,0.0,1125.0,613.0,4.51085950651685,69.66
475.0,118.8,0.0,181.1,8.9,852.1,781.5,4.04305126783455,72.3
102.0,153.0,0.0,192.0,0.0,887.0,942.0,2.0794415416798357,7.68
446.0,24.0,79.0,162.0,11.6,967.0,712.0,3.367295829986474,44.42
102.0,153.0,0.0,192.0,0.0,887.0,942.0,1.3862943611198906,4.57
181.4,0.0,167.0,169.6,7.6,1055.6,777.8,2.70805020110221,21.6
200.0,0.0,0.0,180.0,0.0,1125.0,845.0,3.367295829986474,12.25
218.2,54.6,123.8,140.8,11.9,1075.7,792.7,3.367295829986474,55.51
178.0,129.8,118.6,179.9,3.6,1007.3,746.8,2.70805020110221,34.24
317.9,0.0,126.5,209.7,5.7,860.5,736.6,3.367295829986474,40.06
531.3,0.0,0.0,141.8,28.2,852.1,893.7,3.367295829986474,56.4
229.7,0.0,118.2,195.2,6.1,1028.1,757.6,3.367295829986474,24.54
266.0,114.0,0.0,228.0,0.0,932.0,670.0,4.51085950651685,47.03
304.0,76.0,0.0,228.0,0.0,932.0,670.0,3.367295829986474,47.81
310.0,0.0,0.0,192.0,0.0,970.0,850.0,3.367295829986474,27.92
525.0,0.0,0.0,189.0,0.0,1125.0,613.0,4.51085950651685,58.78
236.0,0.0,0.0,194.0,0.0,968.0,885.0,2.70805020110221,12.84
252.0,97.0,76.0,194.0,8.0,835.0,821.0,3.367295829986474,33.4
190.3,0.0,125.2,166.6,9.9,1079.0,798.9,4.61512051684126,33.56
212.0,141.3,0.0,203.5,0.0,973.4,750.0,3.367295829986474,33.0
276.0,116.0,90.0,180.0,9.0,870.0,768.0,3.367295829986474,44.28
272.6,0.0,89.6,198.7,10.6,931.3,762.2,3.367295829986474,32.25
166.1,0.0,163.3,176.5,4.5,1058.6,780.1,2.70805020110221,25.48
295.7,0.0,95.6,171.5,8.9,955.1,859.2,4.04305126783455,48.72
251.4,0.0,118.3,192.9,5.8,1043.6,754.3,1.3862943611198906,11.98
233.8,0.0,94.6,197.9,4.6,947.0,852.2,1.3862943611198906,10.38
194.7,0.0,100.5,170.2,7.5,998.0,901.8,2.70805020110221,24.28
522.0,0.0,0.0,146.0,0.0,896.0,896.0,3.367295829986474,74.99
290.2,193.5,0.0,185.7,0.0,998.2,704.3,2.0794415416798357,21.86
162.0,207.0,172.0,216.0,10.0,822.0,638.0,3.367295829986474,39.84
237.5,237.5,0.0,228.0,0.0,932.0,594.0,5.602118820879701,38.41
339.0,0.0,0.0,185.0,0.0,1069.0,754.0,2.0794415416798357,21.16
424.0,22.0,132.0,168.0,8.9,822.0,750.0,2.0794415416798357,40.29
212.6,0.0,100.4,159.4,10.4,1003.8,903.8,4.04305126783455,44.4
305.3,203.5,0.0,203.5,0.0,965.4,631.0,3.367295829986474,43.38
142.0,167.0,130.0,174.0,11.0,883.0,785.0,3.367295829986474,44.61
140.0,164.0,128.0,237.0,6.0,869.0,656.0,3.367295829986474,35.23
210.7,316.1,0.0,185.7,0.0,977.0,689.3,2.0794415416798357,21.82
141.9,166.6,129.7,173.5,10.9,882.6,785.3,3.367295829986474,44.61
387.0,20.0,94.0,157.0,13.9,938.0,845.0,1.3862943611198906,25.51
316.1,210.7,0.0,185.7,0.0,977.0,689.3,3.367295829986474,38.7
480.0,0.0,0.0,192.0,0.0,936.0,721.0,3.367295829986474,43.89
275.0,0.0,0.0,183.0,0.0,1088.0,808.0,3.367295829986474,24.5
375.0,0.0,0.0,186.0,0.0,1038.0,758.0,2.0794415416798357,26.06
362.6,189.0,0.0,164.9,11.6,944.7,755.8,3.367295829986474,71.3
304.0,76.0,0.0,228.0,0.0,932.0,670.0,5.902633333401366,55.26
135.0,0.0,166.0,180.0,10.0,961.0,805.0,3.367295829986474,13.29
425.0,106.3,0.0,153.5,16.5,852.1,887.1,1.3862943611198906,33.4
173.5,50.1,173.5,164.8,6.5,1006.2,793.5,4.04305126783455,53.77
202.0,11.0,141.0,206.0,1.7,942.0,801.0,1.3862943611198906,9.85
469.0,117.2,0.0,137.8,32.2,852.1,840.5,4.5217885770490405,70.7
277.1,0.0,97.4,160.6,11.8,973.9,875.6,4.61512051684126,55.64
157.0,236.0,0.0,192.0,0.0,935.4,781.2,4.51085950651685,43.38
213.7,0.0,174.7,154.8,10.2,1053.5,776.4,4.04305126783455,46.64
212.0,141.3,0.0,203.5,0.0,973.4,750.0,4.51085950651685,39.7
272.8,181.9,0.0,185.7,0.0,1012.4,714.3,3.367295829986474,31.38
218.9,0.0,124.1,158.5,11.3,1078.7,794.9,4.61512051684126,46.23
305.3,203.5,0.0,203.5,0.0,965.4,631.0,1.3862943611198906,14.14
251.8,0.0,99.9,146.1,12.4,1006.0,899.8,1.3862943611198906,21.02
300.0,0.0,0.0,184.0,0.0,1075.0,795.0,3.367295829986474,26.85
194.7,0.0,100.5,165.6,7.5,1006.4,905.9,4.04305126783455,33.96
362.6,189.0,0.0,164.9,11.6,944.7,755.8,2.0794415416798357,55.9
381.4,0.0,0.0,185.7,0.0,1104.6,784.3,3.367295829986474,22.49
212.0,0.0,124.8,159.0,7.8,1085.4,799.5,2.70805020110221,31.35
309.9,142.8,111.2,167.8,22.1,913.9,651.2,3.367295829986474,38.22
213.5,0.0,174.2,154.6,11.7,1052.3,775.5,1.3862943611198906,17.37
234.0,156.0,0.0,189.0,5.9,981.0,760.0,3.367295829986474,39.3
133.0,200.0,0.0,192.0,0.0,927.4,839.2,1.3862943611198906,6.88
190.0,190.0,0.0,228.0,0.0,932.0,670.0,3.367295829986474,40.86
500.0,0.0,0.0,200.0,0.0,1125.0,613.0,0.6931471805599453,12.64
289.0,0.0,0.0,192.0,0.0,913.2,895.3,2.0794415416798357,14.6
295.0,0.0,0.0,185.0,0.0,1069.0,769.0,3.367295829986474,25.18
355.0,19.0,97.0,145.0,13.1,967.0,871.0,3.367295829986474,44.03
144.0,0.0,175.0,158.0,18.0,943.0,844.0,3.367295829986474,15.42
132.0,207.0,161.0,179.0,5.0,867.0,736.0,3.367295829986474,33.3
158.8,238.2,0.0,185.7,0.0,1040.6,734.3,2.0794415416798357,9.62
236.0,157.0,0.0,192.0,0.0,972.6,749.1,2.0794415416798357,20.42
157.0,214.0,152.0,200.0,9.0,819.0,704.0,3.367295829986474,33.05
255.0,0.0,0.0,192.0,0.0,889.8,945.0,3.367295829986474,18.75
252.0,0.0,0.0,185.0,0.0,1111.0,784.0,3.367295829986474,19.69
238.1,0.0,0.0,185.7,0.0,1118.8,789.3,2.0794415416798357,10.34
183.9,122.6,0.0,203.5,0.0,959.2,800.0,4.51085950651685,32.53
213.8,98.1,24.5,181.7,6.7,1066.0,785.5,4.61512051684126,49.97
183.9,122.6,0.0,203.5,0.0,959.2,800.0,2.0794415416798357,10.79
540.0,0.0,0.0,162.0,2.5,1055.0,676.0,3.367295829986474,61.89
212.5,0.0,100.4,159.3,8.7,1007.8,903.6,2.70805020110221,26.31
337.9,189.0,0.0,174.9,9.5,944.7,755.8,4.5217885770490405,67.8
250.0,0.0,95.7,191.8,5.3,948.9,857.2,2.70805020110221,24.66
190.7,0.0,125.4,162.1,7.8,1090.0,804.0,4.61512051684126,40.57
500.0,0.0,0.0,200.0,0.0,1125.0,613.0,2.0794415416798357,33.21
446.0,24.0,79.0,162.0,11.6,967.0,712.0,2.0794415416798357,38.02
425.0,106.3,0.0,153.5,16.5,852.1,887.1,3.367295829986474,60.29
230.0,0.0,118.3,195.5,4.6,1029.4,758.6,4.61512051684126,35.34
150.0,237.0,0.0,174.0,12.0,1069.0,675.0,3.367295829986474,37.43
424.0,22.0,132.0,178.0,8.5,822.0,750.0,3.367295829986474,62.05
190.3,0.0,125.2,166.6,9.9,1079.0,798.9,1.3862943611198906,12.55
425.0,106.3,0.0,153.5,16.5,852.1,887.1,2.0794415416798357,49.2
310.0,0.0,0.0,192.0,0.0,1012.0,830.0,2.0794415416798357,17.24
148.0,175.0,0.0,171.0,2.0,1000.0,828.0,3.367295829986474,26.92
310.0,0.0,0.0,192.0,0.0,1012.0,830.0,4.795790545596741,38.7
251.4,0.0,118.3,192.9,5.8,1043.6,754.3,4.61512051684126,40.15
393.0,0.0,0.0,192.0,0.0,940.0,758.0,1.3862943611198906,19.11
310.0,0.0,0.0,192.0,0.0,1012.0,830.0,3.367295829986474,27.83
155.0,184.0,143.0,194.0,9.0,880.0,699.0,3.367295829986474,28.99
350.0,0.0,0.0,186.0,0.0,1050.0,770.0,2.0794415416798357,20.28
213.5,0.0,174.2,159.2,11.7,1043.6,771.9,1.3862943611198906,15.61
295.7,0.0,95.6,171.5,8.9,955.1,859.2,3.367295829986474,39.94
229.7,0.0,118.2,195.2,6.1,1028.1,757.6,4.61512051684126,40.86
255.0,0.0,0.0,192.0,0.0,889.8,945.0,1.3862943611198906,8.2
249.1,0.0,98.8,158.1,12.8,987.8,889.0,3.367295829986474,30.85
307.0,0.0,0.0,193.0,0.0,968.0,812.0,5.902633333401366,36.15
299.8,0.0,119.8,211.5,9.9,878.2,727.6,3.367295829986474,23.84
500.0,0.0,0.0,200.0,0.0,1125.0,613.0,3.367295829986474,44.09
469.0,117.2,0.0,137.8,32.2,852.1,840.5,4.04305126783455,69.3
387.0,20.0,94.0,157.0,11.6,938.0,845.0,3.367295829986474,46.68
133.0,200.0,0.0,192.0,0.0,927.4,839.2,2.0794415416798357,13.66
427.5,47.5,0.0,228.0,0.0,932.0,594.0,5.902633333401366,43.7
427.5,47.5,0.0,228.0,0.0,932.0,594.0,5.602118820879701,43.01
213.5,0.0,174.2,154.6,11.7,1052.3,775.5,3.367295829986474,45.94
401.8,94.7,0.0,147.4,11.4,946.8,852.1,1.3862943611198906,41.1
167.0,75.4,167.0,164.0,7.9,1007.3,770.1,4.61512051684126,56.81
261.0,100.0,78.0,201.0,9.0,864.0,761.0,3.367295829986474,32.4
252.5,0.0,0.0,185.7,0.0,1111.6,784.3,3.367295829986474,19.77
143.6,0.0,174.9,158.4,17.9,942.7,844.5,3.367295829986474,15.42
374.3,0.0,0.0,190.2,6.7,1013.2,730.4,3.367295829986474,39.06
313.3,262.2,0.0,175.5,8.6,1046.9,611.8,4.04305126783455,64.9
350.0,0.0,0.0,203.0,0.0,974.0,775.0,2.70805020110221,22.53
168.0,42.1,163.8,121.8,5.7,1058.7,780.1,4.61512051684126,39.23
475.0,0.0,0.0,228.0,0.0,932.0,594.0,3.367295829986474,39.29
322.0,0.0,0.0,203.0,0.0,974.0,800.0,5.198497031265826,29.59
393.0,0.0,0.0,192.0,0.0,940.6,785.6,4.51085950651685,48.85
145.4,0.0,178.9,201.7,7.8,824.0,868.7,3.367295829986474,10.54
375.0,93.8,0.0,126.6,23.4,852.1,992.6,4.04305126783455,60.2
218.9,0.0,124.1,158.5,11.3,1078.7,794.9,4.04305126783455,37.27
277.2,97.8,24.5,160.7,11.2,1061.7,782.5,1.3862943611198906,30.45
310.0,143.0,0.0,168.0,10.0,914.0,804.0,3.367295829986474,45.3
173.5,50.1,173.5,164.8,6.5,1006.2,793.5,3.367295829986474,38.2
133.0,200.0,0.0,192.0,0.0,927.4,839.2,4.51085950651685,36.59
218.2,54.6,123.8,140.8,11.9,1075.7,792.7,4.04305126783455,61.99
165.0,128.5,132.1,175.1,8.1,1005.8,746.6,2.70805020110221,33.09
439.0,177.0,0.0,186.0,11.1,884.9,707.9,1.3862943611198906,39.3
287.0,121.0,94.0,188.0,9.0,904.0,696.0,3.367295829986474,41.94
190.7,0.0,125.4,162.1,7.8,1090.0,804.0,2.70805020110221,21.06
144.0,15.0,195.0,176.0,6.0,1021.0,709.0,3.367295829986474,15.34
168.9,42.2,124.3,158.3,10.8,1080.8,796.2,4.04305126783455,39.15
380.0,0.0,0.0,228.0,0.0,932.0,670.0,5.198497031265826,53.1
288.0,192.0,0.0,192.0,0.0,932.0,717.8,2.0794415416798357,23.52
236.0,157.0,0.0,192.0,0.0,972.6,749.1,4.51085950651685,47.78
252.0,0.0,0.0,185.0,0.0,1111.0,784.0,2.0794415416798357,13.71
149.0,117.6,91.7,182.9,7.1,953.4,780.3,3.367295829986474,23.52
313.0,0.0,0.0,178.0,8.0,1000.0,822.0,3.367295829986474,25.1
401.8,94.7,0.0,147.4,11.4,946.8,852.1,4.5217885770490405,75.5
251.4,0.0,118.3,188.5,6.4,1028.4,757.7,4.04305126783455,36.64
520.0,0.0,0.0,175.0,5.2,870.0,805.0,3.367295829986474,51.02
389.9,189.0,0.0,145.9,22.0,944.7,755.8,4.04305126783455,79.4
